ID;COD;file_audio;data;orario;AUTORE;operatore;file_immagine;Titolo;directory;POINT_X;POINT_Y;classe_legenda;microfono;frequenza_di_campionamento;bitrate;gain;impostazioni_varie;note;TENERE;TESTO;IMMAGINE;icon
34;AL_1;corso torino 9 traffico.mp3;;;Alice;Alice;;Traffico di Corso Torino;AL_CORSO_TORINO_TRAFFICO;8.850959;45.314712;;;;;;;;1;1;0;https://emojipedia-us.s3.dualstack.us-west-1.amazonaws.com/thumbs/60/microsoft/74/automobile_1f697.png
35;AL_2;mulino via mulini.mp3;;;Alice;Alice;;Il mulino di Via Mulini;AL_VIA_MULINI_MULINO;8.854374;45.314191;;;;;;;;1;1;0;https://emojipedia-us.s3.dualstack.us-west-1.amazonaws.com/thumbs/160/microsoft/74/water-wave_1f30a.png
36;AL_3;Copia di ayala-papere.mp3;;;Alice;Alice;IMG_20181206_140933_617.jpg;Papere;AL_AYALA;8.910479;45.319865;;;;;;;;1;1;1;https://emojipedia-us.s3.dualstack.us-west-1.amazonaws.com/thumbs/160/microsoft/74/duck_1f986.png
37;AL_4;Copia di gallinelle-ayala.mp3;;;Alice;Alice;;Gallinelle;AL_AYALA 2;8.911778;45.319209;;;;;;;;1;1;0;https://emojipedia-us.s3.dualstack.us-west-1.amazonaws.com/thumbs/160/microsoft/74/bird_1f426.png
38;AL_5;Copia di ayala vecchi che parlano.ogg;;;Alice;Alice;;Anziani;AL_AYALA 3;8.909743;45.320629;;;;;;;;1;1;0;https://emojipedia-us.s3.dualstack.us-west-1.amazonaws.com/thumbs/60/microsoft/74/older-man_emoji-modifier-fitzpatrick-type-1-2_1f474-1f3fb_1f3fb.png
39;AL_6;Copia di marcite-sforzesca.mp3;;;Alice;Alice;IMG-20220208-WA0004.jpg;Marcite;AL_SFORZESCA MARCITE;8.904653;45.288236;;;;;;;;1;1;1;https://emojipedia-us.s3.dualstack.us-west-1.amazonaws.com/thumbs/160/microsoft/74/water-wave_1f30a.png
40;AL_7;Copia di castello-campane.mp3;;;Alice;Alice;20220209_123650.jpg;Campane;AL_CASTELLO CAMPANE;8.857617;45.316647;;;;;;;;1;1;1;https://emojipedia-us.s3.dualstack.us-west-1.amazonaws.com/thumbs/60/microsoft/74/bell_1f514.png
41;AL_8;Copia di strada-coperta-sopra-portone.mp3;;;Alice;Alice;strada coperta.jpg;Strada coperta;AL_STRADA COPERTA;8.858551;45.315874;;;;;;;;1;1;1;https://emojipedia-us.s3.dualstack.us-west-1.amazonaws.com/thumbs/60/microsoft/309/woman-walking_1f6b6-200d-2640-fe0f.png
42;AL_9;Copia di strada-vignazza-piccolini-su-terdoppio.mp3;;;Alice;Alice;;Strada Vignazza;AL_STRADA VIGNAZZA PICCOLINI;8.804277;45.313771;;;;;;;;1;1;0;https://emojipedia-us.s3.dualstack.us-west-1.amazonaws.com/thumbs/160/microsoft/74/water-wave_1f30a.png
43;AL_10;Copia di st. terdoppio piccolini.ogg;;;Alice;Alice;IMG-20220208-WA0001.jpg;Piccolini;AL_TERDOPPIO PICCOLINI;8.80616;45.318815;;;;;;;;1;1;1;https://emojipedia-us.s3.dualstack.us-west-1.amazonaws.com/thumbs/160/microsoft/74/water-wave_1f30a.png
44;AL_11;Copia di via-castellana-piccolini.mp3;;;Alice;Alice;;Via Castellana;AL_VIA CASTELLANA;8.812298;45.310196;;;;;;;;1;1;0;https://emojipedia-us.s3.dualstack.us-west-1.amazonaws.com/thumbs/60/microsoft/74/fallen-leaf_1f342.png
45;AL_12;Copia di volo-cigni-lapide-boselli.mp3;;;Alice;Alice;;Lapide Boselli;AL_LAPIDE BOSELLI;8.934893;45.302898;;;;;;;;1;1;0;https://emojipedia-us.s3.dualstack.us-west-1.amazonaws.com/thumbs/160/microsoft/153/swan_1f9a2.png
47;AL_13;Copia di luna park.ogg;;;Alice;Alice;;Luna Park;AL_LUNA PARK;8.87454;45.31646;;;;;;;tecnicamente è stato registrato in piazza calzolai d'italia, ma l'hanno sempre fatto al Cascame…pertanto abbiamo barato;1;1;0;https://emojipedia-us.s3.dualstack.us-west-1.amazonaws.com/thumbs/60/microsoft/74/roller-coaster_1f3a2.png
31;AN_1;castello ore 18.mp3;20/01/2022;18:00;Andrea;Andrea;;Castello alle 18;AN_CASTELLO_ORE_18;8.856819;45.316389;;;;;;;;1;1;0;https://emojipedia-us.s3.dualstack.us-west-1.amazonaws.com/thumbs/60/microsoft/74/speaking-head-in-silhouette_1f5e3.png
32;AN_2;portone.mp3;20/01/2022;;Andrea;Andrea;;Portone;AN_PORTONE;8.856105;45.315783;;;;;;;;1;1;0;https://emojipedia-us.s3.dualstack.us-west-1.amazonaws.com/thumbs/60/microsoft/74/speaking-head-in-silhouette_1f5e3.png
33;AN_3;via mulini acqua.mp3;20/01/2022;;Andrea;Andrea;;Via Mulini;AN_VIA_MULINI;8.854067;45.314307;;;;;;;;1;1;0;https://emojipedia-us.s3.dualstack.us-west-1.amazonaws.com/thumbs/160/microsoft/74/water-wave_1f30a.png
1;GU_1;pizzeria.ogg;16/01/2022;19:00;Guido;Guido;;Pizzeria;GU_VIALE_MONTEGRAPPA_PIZZERIA;8.850245651;45.3230625;prova;Zoom h1n;96 khz;24 bit;8;no limiter no lo cut no auto level;ha clippato con un motorino acceso;1;1;0;https://emojipedia-us.s3.dualstack.us-west-1.amazonaws.com/thumbs/160/microsoft/74/motor-scooter_1f6f5.png
2;GU_2;ZOOM0027.ogg;20/01/2022;23:40;Guido;Guido;;Giacchetta Canale;GU_GIACCHETTA_CANALE;8.860001045;45.31211904;prova;Zoom h1n;96 khz;24 bit;8;no limiter no lo cut no auto level;;1;1;0;https://emojipedia-us.s3.dualstack.us-west-1.amazonaws.com/thumbs/160/microsoft/74/water-wave_1f30a.png
3;GU_3;ZOOM0028.ogg;20/01/2022;00:00;Guido;Guido;;Via de chirico Canale Bancale;GU_VIA_DE_CHIRICO_CANALE;8.867666954;45.30732181;prova;Zoom h1n;96 khz;24 bit;8;no limiter no lo cut no auto level;;0;1;0;https://emojipedia-us.s3.dualstack.us-west-1.amazonaws.com/thumbs/160/microsoft/74/water-wave_1f30a.png
4;GU_4;ZOOM0029.ogg;20/01/2022;00:10;Guido;Guido;;Via de chirico Canale Pioggia;GU_VIA_DE_CHIRICO_CANALE_v2;8.866924562;45.3064081;prova;Zoom h1n;96 khz;24 bit;8;no limiter no lo cut no auto level;pioggia;1;1;0;https://emojipedia-us.s3.dualstack.us-west-1.amazonaws.com/thumbs/60/microsoft/74/umbrella-with-rain-drops_2614.png
5;GU_5;ZOOM0025.ogg;22/01/2022;16:00;Guido;Guido;;Strada per laghi di santa marta;GU_AGRITURISMO_COLDIRETTI;8.889899845;45.30644102;;Zoom h1n;96 khz;24 bit;7.5;no limiter no lo cut no auto level;;1;1;0;https://emojipedia-us.s3.dualstack.us-west-1.amazonaws.com/thumbs/60/microsoft/74/fallen-leaf_1f342.png
6;GU_6;ZOOM0026.ogg;22/01/2022;16:05;Guido;Guido;;Selva Alta;GU_SELVA_ALTA;8.900978219;45.29932881;;Zoom h1n;96 khz;24 bit;7.5;no limiter no lo cut no auto level;no palline da golf ma solo acqua;0;1;0;https://emojipedia-us.s3.dualstack.us-west-1.amazonaws.com/thumbs/160/microsoft/74/water-wave_1f30a.png
7;GU_7;ZOOM0028.ogg;22/01/2022;16:20;Guido;Guido;;Anatroccoli laghi di santa marta;GU_LAGHI_DI_SANTA_MARTA;8.905108963;45.29913845;;Zoom h1n;96 khz;24 bit;7.5;no limiter no lo cut no auto level;anatroccoli;0;1;0;https://emojipedia-us.s3.dualstack.us-west-1.amazonaws.com/thumbs/160/microsoft/74/duck_1f986.png
8;GU_8;ZOOM0032.ogg;22/01/2022;16:30;Guido;Guido;roggia.jpeg;Roggia Via Cararola;GU_FINE_VIA_CARAROLA;8.908734865;45.29968295;;Zoom h1n;96 khz;24 bit;8.5;no limiter no lo cut no auto level;;0;1;1;https://emojipedia-us.s3.dualstack.us-west-1.amazonaws.com/thumbs/160/microsoft/74/water-wave_1f30a.png
9;GU_9;ZOOM0033.ogg;22/01/2022;17:00;Guido;Guido;;Laghetto dei piccoli;GU_LAGHETTO_DEI_PICCOLI;8.905742693;45.29917137;;Zoom h1n;96 khz;24 bit;8.5;no limiter no lo cut no auto level;vari suoni, interessante;1;1;0;https://emojipedia-us.s3.dualstack.us-west-1.amazonaws.com/thumbs/160/microsoft/74/bird_1f426.png
10;GU_10;ZOOM0022.ogg;23/01/2022;16:00;Guido;Guido;;Miciopolis;GU_MICIOPOLIS;8.883821165;45.31246512;;Zoom h1n;96 khz;24 bit;8;no limiter no lo cut no auto level;gatti;1;1;0;https://emojipedia-us.s3.dualstack.us-west-1.amazonaws.com/thumbs/60/microsoft/74/cat_1f408.png
11;GU_11;ZOOM0024.ogg;23/01/2022;16:20;Guido;Guido;canale.jpeg;Strada per la Sforzesca;GU_STRADA_REBUFFI;8.883231356;45.30433837;;Zoom h1n;96 khz;24 bit;10;no limiter no lo cut no auto level;acqua e un uomo fa una telefonata;1;1;1;https://emojipedia-us.s3.dualstack.us-west-1.amazonaws.com/thumbs/160/microsoft/74/water-wave_1f30a.png
12;GU_12;ZOOM0025.ogg;23/01/2022;16:30;Guido;Guido;canale.jpeg;Strada per la Sforzesca;GU_STRADA_REBUFFI_v2;8.885291969;45.30015527;;Zoom h1n;96 khz;24 bit;10;no limiter no lo cut no auto level;acqua;0;1;1;https://emojipedia-us.s3.dualstack.us-west-1.amazonaws.com/thumbs/160/microsoft/74/water-wave_1f30a.png
13;GU_13;ZOOM0028.ogg;23/01/2022;16:50;Guido;Guido;cimitero.jpeg;Cimitero musicale;GU_STRADA_REBUFFI_v3;8.884778005;45.29236968;;Zoom h1n;96 khz;24 bit;10;no limiter no lo cut no auto level;musiche lontane nei pressi del cimitero;1;1;1;https://emojipedia-us.s3.dualstack.us-west-1.amazonaws.com/thumbs/60/microsoft/74/fog_1f32b.png
14;GU_14;ZOOM0024.ogg;29/01/2022;16:04;Guido;Guido;;Centrale ENEL;GU_CENTRALE_ENEL_v1;8.870533203;45.33845127;;Zoom h1n;96 khz;24 bit;10;no limiter no lo cut no auto level;acqua forte e canottieri;0;1;0;https://emojipedia-us.s3.dualstack.us-west-1.amazonaws.com/thumbs/160/microsoft/74/water-wave_1f30a.png
15;GU_15;ZOOM0025.ogg;29/01/2022;16:24;Guido;Guido;rave.jpeg;Rave a Ticino;GU_RAVE_TISIN_v1;8.867725439;45.34084406;;Zoom h1n;96 khz;24 bit;10;no limiter no lo cut no auto level;musica in casotta a ticino;1;1;1;https://emojipedia-us.s3.dualstack.us-west-1.amazonaws.com/thumbs/60/microsoft/74/speaker-with-three-sound-waves_1f50a.png
16;GU_16;ZOOM0027.ogg;29/01/2022;16:32;Guido;Guido;;Cigni fx;GU_RAVE_TISIN_v2;8.867577913;45.34149603;;Zoom h1n;96 khz;24 bit;10;no limiter no lo cut no auto level;cigni e rave;0;1;0;https://emojipedia-us.s3.dualstack.us-west-1.amazonaws.com/thumbs/160/microsoft/153/swan_1f9a2.png
17;GU_17;ZOOM0028.ogg;29/01/2022;16:41;Guido;Guido;albero.jpg;Acqua dolce e cassa dritta;GU_RAVE_TISIN_v3;8.865593442;45.34220987;;Zoom h1n;96 khz;24 bit;10;no limiter no lo cut no auto level;ticino e rave;1;1;1;https://emojipedia-us.s3.dualstack.us-west-1.amazonaws.com/thumbs/160/microsoft/74/water-wave_1f30a.png
18;GU_18;ZOOM0031.ogg;29/01/2022;16:50;Guido;Guido;ingresso.jpeg;Acquetta e cassetta;GU_RAVE_TISIN_v4;8.867097262;45.34096779;;Zoom h1n;96 khz;24 bit;10;no limiter no lo cut no auto level;canale cattivo e rave;0;1;1;https://emojipedia-us.s3.dualstack.us-west-1.amazonaws.com/thumbs/160/microsoft/74/water-wave_1f30a.png
19;GU_19;ZOOM0033.ogg;29/01/2022;17:26;Guido;Guido;rocca_petrella.jpeg;Birds of Rocca Petrella;GU_ROCCA_PETRELLA;8.862928168;45.34300948;;Zoom h1n;96 khz;24 bit;10;no limiter no lo cut no auto level;molti uccelli;1;1;1;https://emojipedia-us.s3.dualstack.us-west-1.amazonaws.com/thumbs/160/microsoft/74/bird_1f426.png
20;GU_20;ZOOM0037.ogg;29/01/2022;17:54;Guido;Guido;;UFO e ciclismo;GU_CENTRALE_ENEL_v2;8.87050925;45.33842032;;Zoom h1n;96 khz;24 bit;10;no limiter no lo cut no auto level;acqua, ufo, discorsi ciclisti;1;1;0;https://emojipedia-us.s3.dualstack.us-west-1.amazonaws.com/thumbs/60/microsoft/309/person-biking_1f6b4.png
21;GU_21;ZOOM0023.ogg;30/01/2022;14:53;Guido;Guido;underponte.jpg;Sotto il ponte;GU_PONTE_2;8.882420336;45.34022767;;Zoom h1n;96 khz;24 bit;10;no limiter no lo cut no auto level;sotto al ponte numero 2;0;1;1;https://emojipedia-us.s3.dualstack.us-west-1.amazonaws.com/thumbs/160/microsoft/74/water-wave_1f30a.png
22;GU_22;ZOOM0024.ogg;30/01/2022;15:03;Guido;Guido;ponte_1.jpg;Ruggito del Ticino;GU_TICINO_v1;8.879441251;45.34036092;;Zoom h1n;96 khz;24 bit;10;no limiter no lo cut no auto level;dove il ticino è più forte;0;1;1;https://emojipedia-us.s3.dualstack.us-west-1.amazonaws.com/thumbs/160/microsoft/74/water-wave_1f30a.png
23;GU_23;ZOOM0025.ogg;30/01/2022;15:08;Guido;Guido;sotto.jpg;Ruggito del Ticino;GU_TICINO_v2;8.878860663;45.34054176;;Zoom h1n;96 khz;24 bit;10;no limiter no lo cut no auto level;ruggito e mezzi;0;1;1;https://emojipedia-us.s3.dualstack.us-west-1.amazonaws.com/thumbs/160/microsoft/74/water-wave_1f30a.png
24;GU_24;ZOOM0026.ogg;30/01/2022;15:10;Guido;Guido;dettaglio.jpg;Fiume azzurro;GU_TICINO_v3;8.878451395;45.34069404;;Zoom h1n;96 khz;24 bit;10;no limiter no lo cut no auto level;non male anche questo;1;1;0;https://emojipedia-us.s3.dualstack.us-west-1.amazonaws.com/thumbs/160/microsoft/74/water-wave_1f30a.png
25;GU_25;ZOOM0027.ogg;30/01/2022;16:04;Guido;Guido;cigni.jpg;Cigni fx;GU_TICINO_v4;8.88500919;45.33987551;;Zoom h1n;96 khz;24 bit;10;no limiter no lo cut no auto level;cigni figo;1;1;0;https://emojipedia-us.s3.dualstack.us-west-1.amazonaws.com/thumbs/160/microsoft/153/swan_1f9a2.png
26;GU_26;ZOOM0031.ogg;30/01/2022;18:00;Guido;Guido;;Cani e bang bang;GU_POLIGONO;8.861188604;45.33114616;;Zoom h1n;96 khz;24 bit;10;no limiter no lo cut no auto level;cani e bang bang;1;1;0;https://emojipedia-us.s3.dualstack.us-west-1.amazonaws.com/thumbs/60/microsoft/74/pistol_1f52b.png
27;GU_27;ZOOM0032.ogg;30/01/2022;18:30;Guido;Guido;;Campane;GU_STRADA_MORABASSA;8.860613964;45.33321272;;Zoom h1n;96 khz;24 bit;10;no limiter no lo cut no auto level;campane, non male;1;1;0;https://emojipedia-us.s3.dualstack.us-west-1.amazonaws.com/thumbs/60/microsoft/74/bell_1f514.png
28;GU_28;ZOOM0034.ogg;30/01/2022;19:00;Guido;Guido;;Acqua a Morabassa;GU_MOLINO_MORABASSA_v1;8.861099374;45.33092487;;Zoom h1n;96 khz;24 bit;10;no limiter no lo cut no auto level;acqua, cani…mah;0;1;0;
29;GU_29;ZOOM0035.ogg;30/01/2022;19:01;Guido;Guido;;Acquona;GU_MOLINO_MORABASSA_v2;8.861060113;45.33069287;;Zoom h1n;96 khz;24 bit;10;no limiter no lo cut no auto level;acqua, cani;0;1;0;
30;GU_30;ZOOM0023.ogg;05/02/2022;14:50;Guido;Guido;;Pavè;GU_MADONNA_7_DOLORI;8.855686002;45.3200354;;Zoom h1n;96 khz;24 bit;10;no limiter no lo cut no auto level;macchine, discorsi;1;1;0;https://emojipedia-us.s3.dualstack.us-west-1.amazonaws.com/thumbs/60/microsoft/74/automobile_1f697.png
36;GU_31;ZOOM0023.ogg;09/02/2022;21:45;Guido;Guido;;Treno per Milano;GU_TRENO_FERRARI;8.864677;45.316204;;Zoom h1n;96 khz;24 bit;9;no limiter no lo cut no auto level;treno;1;1;0;https://emojipedia-us.s3.dualstack.us-west-1.amazonaws.com/thumbs/60/microsoft/74/station_1f689.png
37;GU_32;ZOOM0024.ogg;10/02/2022;00:20;Guido;Guido;verso_mortara.jpeg;Treno per Mortara;GU_TRENO_BERCLEDA;8.860711;45.311018;;Zoom h1n;96 khz;24 bit;7;no limiter no lo cut no auto level;treno;1;1;1;https://emojipedia-us.s3.dualstack.us-west-1.amazonaws.com/thumbs/60/microsoft/74/station_1f689.png
38;GU_33;ZOOM0024.ogg;13/02/2022;15:41;Guido;Guido;;Strada delle ripe alte;GU_RIPE_ALTE;8.862007;45.292744;;Zoom h1n;96 khz;24 bit;10;no limiter no lo cut no auto level;vento, aereo, cani;1;1;1;https://emojipedia-us.s3.dualstack.us-west-1.amazonaws.com/thumbs/60/microsoft/74/fallen-leaf_1f342.png
39;GU_34;ZOOM0025.ogg;13/02/2022;15:54;Guido;Guido;;Cammino cammino cammino;GU_SANTA_MARCITA;8.864371;45.292295;;Zoom h1n;96 khz;24 bit;10;no limiter no lo cut no auto level;passi asmr;1;1;1;https://emojipedia-us.s3.dualstack.us-west-1.amazonaws.com/thumbs/60/microsoft/74/pedestrian_1f6b6.png
40;GU_35;ZOOM0028.ogg;13/02/2022;16:26;Guido;Guido;;Via Pace della Sforzesca;GU_BATTAGLIA_SFORZESCA_1;8.866013;45.284964;;Zoom h1n;96 khz;24 bit;10;no limiter no lo cut no auto level;passi asmr;0;1;1;https://emojipedia-us.s3.dualstack.us-west-1.amazonaws.com/thumbs/60/microsoft/74/fallen-leaf_1f342.png
41;GU_36;ZOOM0029.ogg;13/02/2022;16:44;Guido;Guido;;Aliante;GU_BATTAGLIA_SFORZESCA_2;8.865029;45.28298;;Zoom h1n;96 khz;24 bit;10;no limiter no lo cut no auto level;aliante;1;1;1;https://emojipedia-us.s3.dualstack.us-west-1.amazonaws.com/thumbs/160/microsoft/74/small-airplane_1f6e9.png
42;GU_37;ZOOM0032.ogg;13/02/2022;16:59;Guido;Guido;;Gioventù;GU_BATTAGLIA_SFORZESCA_3;8.859826;45.283684;;Zoom h1n;96 khz;24 bit;10;no limiter no lo cut no auto level;uccellini, canale, ragazzi;1;1;1;https://emojipedia-us.s3.dualstack.us-west-1.amazonaws.com/thumbs/60/microsoft/74/sparkles_2728.png
43;GU_38;ZOOM0036.ogg;13/02/2022;17:21;Guido;Guido;;Energia pulita;GU_BATTAGLIA_SFORZESCA_4;8.855915;45.283238;;Zoom h1n;96 khz;24 bit;10;no limiter no lo cut no auto level;ronzio centrale fotovoltaica;1;1;1;https://emojipedia-us.s3.dualstack.us-west-1.amazonaws.com/thumbs/160/microsoft/74/high-voltage-sign_26a1.png
44;GU_39;ZOOM0037.ogg;13/02/2022;17:50;Guido;Guido;;I ragazzi sono andati a casa;GU_BATTAGLIA_SFORZESCA_5;8.8599;45.284372;;Zoom h1n;96 khz;24 bit;10;no limiter no lo cut no auto level;uccellini;1;1;1;https://emojipedia-us.s3.dualstack.us-west-1.amazonaws.com/thumbs/160/microsoft/74/bird_1f426.png
45;GU_40;ZOOM0038.ogg;13/02/2022;17:56;Guido;Guido;;Roggia;GU_BATTAGLIA_SFORZESCA_6;8.859578;45.286434;;Zoom h1n;96 khz;24 bit;10;no limiter no lo cut no auto level;acqua;1;1;1;https://emojipedia-us.s3.dualstack.us-west-1.amazonaws.com/thumbs/160/microsoft/74/water-wave_1f30a.png
46;GU_41;ZOOM0041.ogg;13/02/2022;19:02;Guido;Guido;;Maria Addolorata;GU_ADDOLORATA;8.850307;45.325122;;Zoom h1n;96 khz;24 bit;10;no limiter no lo cut no auto level;campane;1;1;1;https://emojipedia-us.s3.dualstack.us-west-1.amazonaws.com/thumbs/60/microsoft/74/bell_1f514.png
48;GU_42;ZOOM0024.ogg;16/02/2022;14:31;Guido;Guido;;Fresa;GU_BERCLEDA_INDUSTRIA;8.863469;45.305648;;Zoom h1n;96 khz;24 bit;10;no limiter no lo cut no auto level;fresa;1;1;0;https://emojipedia-us.s3.dualstack.us-west-1.amazonaws.com/thumbs/60/microsoft/74/gear_2699.png
49;GU_43;ZOOM0023.ogg;17/02/2022;21:01;Guido;Guido;;Distopia;GU_BERCLEDA_TELECAMERA;8.863925;45.305114;;Zoom h1n;96 khz;24 bit;10;no limiter no lo cut no auto level;telecamera, ronzio elettrico, uomo con la tosse, cane, bici;1;1;1;https://emojipedia-us.s3.dualstack.us-west-1.amazonaws.com/thumbs/160/microsoft/74/video-camera_1f4f9.png
